{"cameraMode":{"drawMode":0,"name":"Shaded","section":"Shading Mode"},"sceneLighting":false,"audioPlay":false,"sceneViewState":{"showFog":false,"showMaterialUpdate":false,"showSkybox":true,"showFlares":false,"showImageEffects":false,"showParticleSystems":false},"in2DMode":false,"pivot":{"x":-0.1406821310520172,"y":0.8235778212547302,"z":-11.017477989196778},"rotation":{"x":-0.4479067325592041,"y":0.5365779995918274,"z":-0.41029390692710879,"w":-0.5857698917388916},"size":16.296178817749025,"orthographic":true}